id;further_remarks
977318;Präsentieren und Anschauen der Ergebnisse der Projektwoche
1004805;Aufsicht Neues Klassenhaus Lieferungen und Verräumen in Vertretung des HM
963666;Vertretungsbereitschaft
902054;AuB Abrechnung
964678;Abrechnung AuB
419025;Termin beim Personalärztlichen Dienst
675130;Verpflichtende Studienteilnahme IQB
79138;Warten auf Dienste
475943;Beurteilungsbesprechung
935072;Theateraufführung der Stufen 8 und 9 besucht
935087;Vorsitz Abiturprüfung (F-Zeit)
935097;Vorsitz Abiturprüfung (F-Zeit)
935099;Zeugniserstellung als Klassenlehrerin
935117;Vorsitz Abiturprüfung (F-Zeit) Vorbereitung auf die Prüfungen
935125;Vorsitz Abiturprüfung (F-Zeit) Vorbereitung auf die Prüfungen
935127;Vorsitz Abiturprüfung (F-Zeit) Vorbereitung auf die Prüfungen
987256;Praktikumsbesuch
987258;Praktikumsbesuch
354887;Papier aufgehoben mit schuelern
917115;Hospitation PP PGW
106880;Elternabend
870290;Feueralarm
138590;Anträge Fahrtkosten notitzen
225168;Prüfung der Abrechnung
335623;Leider unklar, wo nun Telefon Gespräche, die wegen Fehl Planungen in Terminen entstanden sind, untergebracht werden sollen. Hier Gespräch mit Herrn Wolf wegen Überschneidungen im Klausurplan.
517470;Check Plagiat
525952;Umfrage-Teilnahme zur Arbeitsbelastung
553834;SEPA Caterer Schule
574494;Auswertung Feedbackbögen 7c Latein
797173;Konzertvorbereitungen (Moderation & Programm)
518847;Nelastungsstudie
592400;Verschieben von Klassenarbeitstermin (Planung und Eintragung in Liste online)
666934;Abgleich Krankenliste
776610;Vorbereitung Beurteilungshospitation
776614;Vorbereitung Beurteilungshospitation
780680;Vorbereitung Beurteilunshospitation
780695;Vorbereitung Beurteilungshospitation
832072;Reflexion Beurteilungshospi
839179;Vorbereitung Hospitationsbesprechung und Beurteilungsgespräch
859403;Unterlagen Beurteilung
865320;Terminplanung
952424;Reinigen und Aufräumen der Biologiesammlung nach einem Wasserschaden
289813;Organisation von Pflanzen für den Biologieunterricht
336742;Organisatorische Tätigkeit als Fachlehrkraft
576170;Organisatorische Tätigkeit als Fachlehrkraft
127075;Feedback Schulleitung
929000;Praktikumsbesuche
950966;Praktikumsbesuch
397150;Ferien
397151;Ferien
397152;Ferien
397154;Ferien
397155;Ferien
1008135;Sommerferien
1008136;Sommerferien
1008138;Sommerferien
1008141;Sommerferien
1008143;Sommerferien
1008145;Sommerferien
1008146;Sommerferien
1008148;Sommerferien
1008149;Sommerferien
1008151;Sommerferien
1008153;Sommerferien
999186;Vorbereitung Bunte Woche
999306;E-Mails löschen / sortieren
999307;Antrag LK Schulrestaurant
1016970;Kollegiumsfoto
901649;Materialsichtung und Bestellung als Fachlehrerin in Zusammenarbeit mit der Sonderpädagogin der Klasse
917761;Schulgarten
917783;Schulgarten
642646;Schulgarten
653328;Schulgarten
653329;Schulgarten
797539;Schulgarten Kommun.
797594;Schulgarten Mail
803801;Kollegiumsausflug
803804;Garten
812692;Schulgarten Mail
812723;Schulgarten Mail
812783;Schulgarten Mail
854512;Schulgarten
855600;Schulgarten
1002491;Neuen Stundenplan nachschauen, Sachen zusammen suchen
148291;"Ausfüllen Befragung zur LI-Umfrage ""Veranstaltungen mit Bildungsplanbezug"""
402881;Teamsbenachrichtigungen
571536;Vorbereitung Bunte Woche
217512;None
256869;Austauschvorbereitung
996569;Ummeldung Emails etc. neue Schule
996406;teilnähme an Umfrage zur Arbeitszeit
996520;Arbeitsorganisation (Aufräumen Klassenraum etc.)
480766;Noteneinpflegung
481685;Noteneinpflegung
553473;Besprechung Stundenverteilung Ges.
733347;Noteneintragung
819493;Noteneintragung
822361;Noten
810355;Umfrage zur Nutzung digitaler Endgeräte
945993;Praktikumsbesuche
964814;Praktikumsbesuch
310291;SV Treffen
950645;Einkauf Abschlussfeier
950630;Interview
206186;Vorbereitung neues Profil
206336;Tag der offenen Tür
614744;Zeitenorganisation, wann ist ein Treffen mit Kolleg:innen möglich?
774234;Behörde Reisepass beantragen für Klassenfahrt
786346;Empfehlungsschreiben für Yanez
996360;Vorbereitung und Durchführung Kollegiumsfeier
630017;Unterstufenmusical
937505;Praktikumsbesuch als Klassenlehrkraft
344824;viele verschiedene Dinge
938588;Fortbildungsportfolio
958263;Beurteilung lesen und Anmerkungen anfertigen
661133;Findungsausschuss
430673;Elternabend
431101;Befragung Göttingen
525248;Schulfest
530297;Befragung Zeiterfassungsstudie
112423;Dienstgespräch mit der Schulleitung
187654;Email-Kontakt mit und für Frau Stück
214666;Umfrage/Evaluation Erasmus+
222897;Absprachen Madrid-Austausch Spa 8
987743;Verabschiedung Kollegen
987752;Verabschiedung KuK
1008235;Orga Frühstück
969388;Erstellung von (Musik-)Noten für die Verabschiedung von Kollegen
591857;Gewerkschaftstag
869682;Vorbereitung Abschied
863499;Vorbereitung Abschied
862566;Vorbereitung Abschied
901180;Vorbereitung Abschied
901181;Vorbereitung Abschied
901185;Vorbereitung Abschied
901192;Vorbereitung Abschied
901195;Vorbereitung Abschied
901196;Vorbereitung Abschied
901202;Vorbereitung Abschied
823472;Global Goal Festival
823473;Glabal Goal Festival
666841;Fahrzeit (unterrichtsfreier Tag)
675170;Präsentatinsleistung
690059;Noteneintragung / Heftpflege
969424;Teilnahme an Theateraufführung des Profils
198479;Multi Studie
281094;Multi Studie
302706;Multi Studie
460484;Klage dienstlich gewünschte Impfung
879558;Vorbereitung Jahrgangssprechersitzung
879387;Vorstellen CKS
773914;Kollegialer Austausch
774211;LEG-Ziele
871886;Fortbildungsportfolio erstellen
803734;Garten: Gespräch mit 2 Schülerinnen
842003;Hospitationsnachbesprechung
694652;Bearbeitung des Fragebogens für die Schulinspektion
733107;E-Mails lesen (sonst.)
850102;Buchrückgabe
855080;Schulgarten
432402;Handy abhanden gekommen, Datenschutz veranlassen (SIM-Karte und Handy sperren…)
1003399;Für Musikunterricht: Stimmübungen, Liedbegleitung üben
1003391;Für Musikunterricht: Lieder anspielen, Lieder raussuchen, Stimmübungen, Liedbegleitung üben
1003385;"Für Musikunterricht: Lieder raussuchen, Liedbegleitung üben, Stimmübungen,
neue Saiten aufziehen und das Instrument vorbereiten"
1003407;Für Musikunterricht und Ensembleleitung: Stimmübungen, Gitarre üben,
1007280;Gitarre üben, Stimmbildungs-Übungen
1007278;Instrument üben für den Musikunterricht in der Schule...Ich hatte lange nicht mehr Gitarre geübt. Als Musiklehrerin muss ich eigentlich immer mal wieder üben / spielen, um auf dem Instrument für den Unterricht fit zu bleiben.
1003404;Für Musikunterricht und Ensembleleitung: Gitarre üben, Stimmbildung
1011066;"""Daten-Hygiene"" bei IServ
Gruppen, hochgeladene Dateien aus dem letzten Schuljahr, ältere Mails, Texte, Video-Konferenz-Räume... löschen"
880174;Essen für Konferenz vorbereiten
880695;Abrechnung AuB
882068;Bereitschaft
883005;Beurteilungsgespräch mit SL Mitglied
57117;Küche
885201;Redaktionelle Tätigkeit für die Seite Infoportal.lernen.hamburg.de
885782;Betreuung Amir
885784;Betreuung und Pendeln Amir
886173;Geldabgabe Schulfest
886217;Auswertung Feedback
886327;Organisation Unterrichtsverteilung nächstes Jahr
886753;Orga Praktikum IVK
886814;Mail an Frau ZUmbeck
887977;Schulgarten
715272;MLS pädGT
891850;Nachbereitung Zeugniskonferenz
892536;Praktikumsbesuche inkl. Fahrtzeit
892703;Gemeinsamer Profilabend
893735;Schulbesuch der Reformschule Kassel
893967;Mündliches Abitur FPAV Vorbereitung
893979;English Show Aufführung
894428;Praktikumsbesuche
895086;Absprachen mit Kal/Fr zu Ma-FL
899481;Brandschutzübung
899477;F-Zeiten Ausschreibungen
899480;Absprache Termine d. Praktikumsbesuche
899485;Arbeitsplatzorganisation und Absprache d. Praktikumsbesuche
899562;Ermittlung der Fehlzeiten für die Zeugniserstellung
900010;Klassenzimmer aufräumen
900194;Umfrage zur Inklusion
900903;Telefonate Praktikumsbesuche
901653;Kollegiumsfeier
901613;Praktikumsbesuch
901670;mündliches Abitur: Konzeption Erwartungshorizont
902100;Vorbereitung Abschied
902316;?
902671;Betreuung Amir
902673;Betreuung Amir
902681;Betreuung, Pendeln, Toilette Amir
902750;Vorbereitung Praktikumsbesuche
902922;Abistreich
903493;Kompetenzkreuze hochladen
903497;Kompetenzkreuze hochladen
903502;Kompetenzkreuze hochladen
903584;Praktikumsbesuche
904071;Milch kaufen
904303;Überprüfung der WAZ-Abrechnung des aktuellen und des kommenden Schuljahres
908564;Arbeitszeitkonten und Stundenplanung nachvollziehen
908634;Praktikumsbesuche
908782;Praktikumsbesuche inkl. Fahrzeiten
909192;Praktikumsbesuche
909525;Praktikumsbesuche inkl. Fahrzeiten
909813;Praktikumsbesuch
909821;Praktikumsbesuch
909833;Praktikumsbesuch
909886;Praktikumsbesuch
909985;Ausdrucken AuB
910545;Vorbereitung auf Abiturprüfung
910835;Praktikumsbesuche
910840;Praktikum
910896;AuB Abrechnung
914919;Bili certificates
914892;IQB-Fragebogen
915179;Vorbereitung mündliches Abitur
915175;Korrektur, Ausdruck und Unterschreibung sowie Zusammenstellung des notwendigen Anhangs des Protokolls der Lehrerkonferenz am 29.05.2024, welches ich geschrieben habe.
915283;Praktikumsbesuch
915351;Praktikumsbesuche
915292;Praktikumsbesuch
915324;Entwicklungsbögen ankreuzen
915588;Praktikumsbesuche
915820;Einträge Klassenbuch als Fachlehrerin
916124;Vorbereitung Abschiedsgeschenk Fachschaftsleitung
916352;Catering Abi
916428;Zeugnisse schreiben
917124;Vorbereitung Mündliche Abiprüfungen
917729;Zeugnisnoten berechnen, erfassen, Fehlzeiten erfassen 11b und 11c
917880;Treffen CKS
921930;Sortierung Preise Big Challenge (Englisch-Wettbewerb)
921986;Vorbereitung auf mündliches Abitur
921988;Praktikumsbesuch inkl. Fahrzeiten
922090;Vorbereitung auf das mündliche Abitur
922558;Julianischer Dauerlauf
922575;Praktikumsbesuch
922576;Zeugnisse schreiben
922581;Räume für Prüfungen vorbereiten
923154;Kontrollieren der. Stundenverteilung und Faktorisierung
923250;Vorbereitungen Exkursion
923243;Zeugnisnoten berechnen und nach Divis übertragen
923839;Kollegiumsausflug
923862;Zeugnistexte schreiben
924221;Zeugniserstellung
924512;Zeugnisse
926576;Unterstützung bei der Schulbuchrückgabe
928244;Julianisches Dauerlauf
928305;Praktikumsbesuche
928811;Abschiedsgeschenk Fachleitung Theater
928991;Praktikumsbesuche
929003;Redaktionssitzung
929008;Praktikumsbesuche
929203;Praktikumsbesuche
929467;Vorbereitung auf mündliches Abitur
929535;Ausflug Elbstrand
89232;Bau am Modell der Oberstufe
930012;Abschlussfeier/ Zeugnisübergabe
930031;Videokonferenz mit der Klasse
930110;Entwicklungsbögen ankreuzen
930138;Entwicklungsbögen ankreuzen
930184;Hospi abiturprufung
930186;Hospi abiprufung
930525;Notenberechnung und DIVIS-Eingabe
930558;Hospitation als Fachkollegin im mündlichen Abitur und kollegiale Reflexion
930745;Praktikumsbesuche
930750;Praktikumsbesuche
931183;Schulgarten
95652;Multi Studie
931400;Abschlussfeier Jahrgang 10
935101;Vorsitz Abiturprüfung (F-Zeit) Vorbereitung auf die Prüfungen
935105;Vorsitz Abiturprüfung (F-Zeit)
935109;Vorsitz Abiturprüfung (F-Zeit)
935114;Vorsitz Abiturprüfung (F-Zeit) Vorbereitung auf die Prüfungen
935339;Teilnahme an Umfrage zur Arbeitsbelastung von Lehrkräften
935478;Praktikumsbesuch
935563;Praktikumsbesuch
935628;Besuch des Schulkonzerts
935753;Praktikumsbesuche
936549;Umfrage zur Arbeitsbelastung
936752;aufräumen
936841;Sommerfest
936879;Umfrage zur Zeiterfassung
937125;Verabschiedung
937343;Schuljahresabschluss Abteilung 8-10
937317;Abschlussfeier Klasse 10
937385;Orga Abschiedsgeschenk Fachleitung
937655;Vorbereitung der Abschlussfeier Klasse 10
937894;Abrechnung AuB
937862;Begleitung eines S zum Krankenhaus, warten auf Eltern und Fahrt zurück
937864;Gyle Sommerfest
938129;Fragebogen
938232;Vorbereitung letzte 3 Prüfungen mündlich. Abi
938233;mündliches Abitur letzte 3 Prüfungen
938225;S1 Notenberechnung + Divis Eintrag
938230;7c Notenberechnung + Divis Eintrag
938282;Orga Abschied AL
938432;Buch Martin
938542;Buch für Martin
938718;techn. Probleme Divis
938769;Referenzschreiben für Kollegen verfassen
939130;Vorbereitung der Klassenfahrt
939219;Umfrage Zeiterfassung
939231;Probefeueralarm
939404;Online Umfrage Zeiterfassung
943231;Zeitwünsche fürs kommende SJ ausfüllen
104701;Grünkohlessen im Kollegium
944236;Freigestellt wg. Gerichtvorladung
944223;Fragebögen
944535;Projekttag 7f
945039;Probe
945174;Organisation Fortbildungen
945301;To-Do-Liste nächste Tage
945286;Umfrage zur Arbeitszeit
945378;"Klärung: Antrag auf Rückgabe von Kosten; Klärung: steuerliche Fragen (zählt mein 1-Quadrat-Meter-Arbeitsplatz als Arbeitsplatz?)"
945417;Praktikumsbesuche
945976;Praktikumsbesuche
946095;Zeugniskommentare
946384;Projektwoche
946534;Fragebogen 2 beantworten
946594;Abrechung AuB
950291;Krankmeldung (Mail mit Infos und Aufgaben)
950679;Fragebogen Teilnahme
950659;Elternzeit ab 27.6.24-26.7.24
950792;Einkauf von Gewinnen für die Schüler*innen
950814;Praktikumsbesuche
950816;Praktikumsbesuche
950820;Praktikumsbesuche
950953;Infoportal
950954;Praktikumsbesuch
950956;Praktikumsbesuch
950955;Projektwoche
951039;Praktikumsbesuche
951043;Praktikumsbesuche
951388;Vorbereitung der Projektwoche in dieser Woche (ich bekomme als Springer ein fremdes Projekt zugewiesen)
951566;Hospitation an einer anderen Stadtteilschule
952289;Teilnahme an Umfrage zur Arbeitsbelastung von Lehrkräften
952282;Theaterstück 5a
952481;Planung Sommerfest
952579;Befragung
952650;Beitrag zur Projektwoche und Schulgarten
952762;Portfolio Fortbildungen
956271;Praktikumsbesuch
956311;Kurswechsel DiVis
956686;Projektwoche
956904;Umfrage
510054;Organisation Nachschreiber
957212;Projektwoche
957217;Vorbereitung Schulfest
957680;Wegezeit
957681;Wegezeit
957771;Vorbereitung Band Schulfest
957965;Praktikumbesuche
957969;Praktikumsbesuch
958168;Klärung eines Vorfalls während des Unterrichts bei der Polizei
958242;Lesen wichtige Kommunikation
958324;Vorbereitung Auftritt Schulband
958563;Entlassungsfeier 13c
958582;Abientlassungsfeier
958784;Schulgarten
958953;Abiverleihung
958935;Weg zur Schule nach Exkursion mit Schülern wegen der Konferenz
962541;Aufräumen
962618;Schreiben von Abschiedsbriefen für den Abiturjahrgang
962660;Treffen mit dem Referendar, den ich ab dem kommenden Schuljahr betreue
962808;Fragebogen zum Philosophieunterricht ausfüllen
963638;Vertretungsbereitschaft
963655;Vertretungsbereitschaft
963794;Projektwoche
963839;Praktikumsbesuche
963955;Zeugnisse erstellen
964088;Abizeugnisausgabe
964459;Vorbereitung auf Schulfest
964495;Abiturentlassung
964668;Klassenfest
964805;Praktikumsbesuch
140327;Arbeit am Konzept für Beförderungsstelle
968062;Abifeier
968419;Projektwoche
968418;Planung Sommerfest: In den Kalender eintragen
968468;Fortbildungsportfolio pflegen
968461;Geld für Geschenk (Verabschiedung) überwiesen, Mail geschrieben etc.
968641;Diverse Tätigkeiten
968619;Projektwoche
968621;Projektwoche
968658;Aufbau, Vorbereitung, Durchführung der Verabschiedungsfeier Jg10 betreut durch Tut und SuS des Jg9
968700;Aufräumen
968669;Orga / Absprachen Abiverabschiedung
968874;Sommerfest
969026;Projektwoche
969319;Praktikumsbesuch
969542;Projektwoche
969672;Essen SÜ10-Treffen
969647;Projekte-Präsentation
969657;Gespräch über Schulgarten
969681;Schulgarten
969839;Vorbereitung Schulfest
969938;Auslandsempfehlung schreiben
969929;Aufgaben für Freud-und Leid-Kasse
970188;Vorbereitung Schulfest
970221;Abschlussfest 7c mit Eltern
970451;Klassenfest
970729;Abi Entlassung
970668;Abifeier
970883;Vorbereitung Schulfest
970884;Schulfest
971167;Vorbereitung Schulfest
321174;Verfassen Empfehlungsschreiben als Mathelehrerin
419716;Terminplanung
971445;Abiturverleihung
971534;Abiturfeier
971470;Fragebögen zur Evaluation der Schulleitung ausgefüllt
971576;Praktikumsbesuche
971579;Praktikumsbesuche
546533;Formulare ausfüllen und abgeben
570008;Mails
780708;Vorbereitung Beurteilungshospitation
788142;Vorbereitung Beurteilungshospitation
797384;Vorbereitung Beurteilungshospitation
972018;Vorbereitung Schulfest
972072;Anmeldung zu Fortbildungen
972087;Klassenfest
607821;Durchsicht der Abiklausuren Biologie
972173;Organisation der Geschenke für Kollegenabschied
972368;Zeugnisverleihung Abitur
976328;Projektwoche
976333;Projektwoche
976337;Projektwoche
976342;Projektwoche
976483;Projekttag - Umwelttag
976764;Vorbereitung Schulfest
976749;Organisation Kollegiumsabschied
976933;Schulische Veranstaltung „Sommerfest“ - Betreuung der Klasse VK62
976976;Vorbereitung Verabschiedung von Kolleg*innen
977016;Praktikumsbesuch
977058;Sportfest
977382;Begleitung bei einem Ausflug
977355;Vorbereitung Schulfest
977461;Stundenpläne
977551;Fortbildungsportfolio
977487;Vorbereitung Schulfest
977534;Vorbereitung Schulfest
977676;Pausenangebot
982016;Fortbildungsportfolio
981975;Teilnehmen Schulfest
982042;Putztag
982077;Teilnehmen Schulfest
982364;Sportfest
982472;Verabschiedungen
982548;Vorbereitung Verabschiedungen
982835;Klassenausflug
982839;Dienstweg vom Ausflugsort zur Schule
982784;Verabschiedung stellvertretende Schulleitung
982843;Verabschiedung von Kollegen
982845;Organisation des Schulfestes
982847;Schulfest
983113;Zeugnisse
987070;Verabschiedungsfeier
987253;Praktikumsbesuch
987717;Vorbereitung Aula Abientlassung
987719;Abientlassung
987723;Vorbereitung Schulfest 5a
987726;Schulfest 100 Jahre GA
987983;Projektwoche
987997;Bewerbungsunterlagen für Lehrerkonferenz lesen
987961;Schulgottesdienst und Verabschiedung der Pensionäre und Wechsler
988310;Putzen mit Lerngruppen
988311;Zeugnisausgabe
988325;Vorbereitung des Kollegiumsabschieds
988327;Veranstaltung
988496;Personalratsarbeit - Checkliste Einsatzplan für Kollegen/innen
988601;Schulfest
988604;Kollegiumsfest
988835;Teilnahme Umfrage
667684;Treffen mit Schulaufsicht wg Perspektiven
989238;Verabschiedung
989554;Recherche Film für die Projektwoche
989582;Verabschiedung
989813;Verabschiedung Kollegen
990506;Musik-Probe Verabschiedung Pensionäre
990519;Musik-Probe Verabschiedung Pensionäre
990527;Musik-Probe Verabschiedung Pensionäre
990628;Abiturientenentlassung
990717;Abschlussfeier Jg 10
990784;Planung der Weiterbildung im kommenden SJ
990820;Blumen besorgen für Freud- und Leid, Sommersingen
990821;Karten für Freud und Leid schreiben
990822;Karten und Geschenke besorgen für Freud und Leud
990824;Blumen besorgen für Freud und Leid (Verabschiedungen)
990826;Verabschiedungen (Freud und Leid)
990963;Vorbereitung Abschiedsfeier Chor
990972;Kollegiumsfeier
991040;Schulfest
991041;Verabschiedungsveranstaltung
991263;Unfallmeldung Behörde
991389;Unfallmeldung
991522;Abiball
991523;Abiball
991527;Verabschiedung KuK
992032;Praktilumsbesuch
992197;Mediation mit Schulleiter
992354;Zusatzangebot für eigene Klasse
992357;Zusatzangebot
992340;Abifeier offizieller Teil
992342;Klassensommerfest 6a
992360;Zusatzangebot
992363;Zusatzangebot
992366;Zusatzangebot
993110;Leidenschaften
993134;Final Aufräumen
993235;Zeugnisausgabe
152228;Fahrt ans LI
152234;Rückfahrt vom LI
993600;Freud- und Leidkasse: Verpacken und Versenden der Kollegiumsgrüße
993696;Abientlassung
993699;Vorbereitung/Aufbau Kollegiumsabend
995020;Schleudern
995021;Bienen
995505;Sportfestbetreuung
995509;Planung Abschiedsfest
995511;Organisation, Umbau Abschiedsfest
995512;Aufbau und Orga Abschiedsfest Mensa
995513;Abbbau und Umbau Mensa
996589;Schulgarten
996580;Recherche Schulflur einrichten (Zufallsfund)
996557;Urlaub
996558;Urlaub
996785;Umschreiben von Schul-Emails, Logins etc. Ausfüllen Lehrerkalender
997302;Pendeln
397157;Ferien
744739;Ganztageskonferenz Bildungspläne
998611;Ferien
75828;Orga-Arbeit als Fachlehrer: KA-Termine eintragen
101631;Herausfinden, wie man sich mit Ctouch verbindet.
123001;Handyregel umsetzen
242740;Protokoll vorbereiten
612299;Schulzoo
144298;Dokumentation Sachschaden in einem Unterrichtsraum
281411;Voerbereitung der Hospitationsnachbesprechung der LiV
303225;Schüler hat sich geweigert das Büro zu verlassen, interveniert, weitere disziplinarische Schritte verfolgt
112985;Kollegin ge- u. aufgesucht für Info über Vorfall Pause
837428;Orga Neu 5, Steckbrief
844146;Orga Neu 5, Steckbrief
862168;Neu Team-5-Treffen
218964;Formular Unterrichtswünsche für das nächste Schuljahr ausfüllen
218969;Fragebogen zur psychischen Belastung ausfüllen
319128;Verfassen Empfehlungsschreiben als Mathelehrerin
209421;Fragebogen Gefährdungsbeurteilung
540866;Zwischenstand Noten 11b und 11c
683167;Ibrahim Beratung
689423;Vorausplanung bis SJ Ende
321456;Mails Abi u.a.
325007;Infos zu Fortbildungen und Flex
998982;Fortbildungsportfolio
193898;Vorbereitung KERMIT-Testung
194189;Nachbereitung KERMIT-Testung
999130;Unterrichtseinsatz 24/25 Mail checken und antworten
572607;Planung Unterrichtseinsatz im nächsten Schuljahr
999536;Organisatorisches zum Einstieg in das neue Schuljahr / Aufgabenliste erstellen
999492;Transfer Marerial / Bücher für die neue Klasse
999511;Online-Bestellungen für Klassenraum und Unterricht
999515;Bestellen von Fachliteratur
490971;Üben für Chorkonzert
34639;Multi f Studie
49073;Multiplikator Studie
75317;Multi Studie
999587;Terminplanung/-übertragung Schuljahr 24/25
653209;Gespräch mit The
999881;"Sortieren sämtlicher Klassenmappen und 
Unterrichtmaterialien"
1000257;Schuljahresvorbereitung (Termine, Kalender, Informationsbeschaffung)
523693;Mündliche MSA Prüfungen
523696;Mündliche ESA Prüfungen
385915;Einsatzplanung
79082;Aufsicht Nachteilsausgleich
822665;Mail Schulgarten
824164;Fotos KuK-Ausflug
840132;Schulgarten
854509;Übersetzen
1000659;Termine übertragen in eigenen Kalender
636132;Übernachtung in der Schule
1001351;Stundeplansichtung
628280;Abholung DELE Unterlagen im Chilehaus
1001621;Urlaub
1001636;Planung der Präsenztage, digitale Orga ordnen
1001612;Urlaub
1001613;Urlaub
1001615;Urlaub
390408;Ferien/Urlaub
390409;Ferien/Urlaub
1001733;Urlaubswoche
1001734;Urlaubswoche
1001827;Kollegiumstreffen
1001898;Umfrage
1002075;Emails abarbeiten
1002160;Termine koordinieren
1002427;Eintritt in die Elternzeit am 25.08.2024, Dauer bis 25.10.2024
1002478;Urlaub
1002482;Aufräumen von Unterlagen
243988;Kermit Einlesung und Vorbereitung
332122;Artikel für das Jahrbuch
685412;Spontane Planung in der Pause wegen fehlender Aufgaben
1002688;Urlaub die ganze Woche
125380;Fototermin
129252;Ankreuzen für die LEG
129316;Förderberichte für die SuS, die Unterstützung brauchen
44754;Weg Kahlkamp runter
44761;Weg Kahlkamp hoch
55781;Weg in Kahlkamp
55787;Weg von Kahlkamp
661122;Bewerbung Findungsausschuss lesen
269401;SiC Spanisch
667739;Dataport Anruf
53344;Drucker kaputt, Hausmeister will nicht helfen
165029;ich hab mich in die Raumplanung eingelesen
1003318;Einkauf Essen Lehrerkonferenz
555243;Umfrage IQB
690598;Nächtliches Kopfzerbrechen über pädagogische Maßnahmen
1003467;Verabschiedungen
1003583;Elternzeit
1003888;Projektwoche
540437;Vorbereitung Treffen Stundentafel Na
1004057;Planungstage 5
1004058;Planungstage 5
1004293;eigene Terminplanung für die Präsenstage (Welcher Termin trifft auf mich in den Zeitfenstern zu?)
1004455;Termine des kommenden Schuljahres in den Kalender übertragen
1004459;Eintritt in Elternzeit 14.08. bis 28.08.
1004593;Auslagen-Abrechnungen
1004693;Get together
1004771;Einrichten Schulhandy
1004776;Anmelden neues Handy
1005412;Kollegiumsfoto
1005373;Elternzeit
1005506;Foto
1005552;Kollegiumsfoto
1005656;Emails
584151;Absprache Termin Beurteilungsgespräch
665724;Versuch, Beurteilung zu öffnen und zu lesen
668850;Beurteilungsgespräch
725412;Anlegen der Zeugnisse
803477;Begleitung Schülerin im RTW zum Krankenhaus
803491;Vorbereitung Getränke Jg-Team
734539;Extraprobe Chor
736932;Chor Generalprobe
751566;Aufbau, Chorkonzert, Abbau
844338;Chor Schuljahresausklang
392587;Protokoll Lehrerkonferenz
1006019;Schulgarten
1006197;Sommerferien
1006202;Sommerferien
1006218;Sommerferien
1006220;Sommerferien
1006221;Sommerferien
1006223;Sommerferien
1006227;Sommerferien
1006239;Sommerferien
1006249;Sommerferien
1006253;Sommerferien
1006255;Sommerferien
1006258;Sommerferien
1006484;Sommerferien
1006583;Kollegiumsfoto
1006762;Vorbereitung Konferenztag (Wann muss ich morgen wo sein.)
1007059;Kollegiumsfoto
1007181;Beurteilung durchgehen
1007375;Korrektur des Interviews für das neue Jahrbuch des Gymnasiums Hummelsbüttel
1007426;gemeinsames Frühstück
1007579;Lehrerfoto
1007713;Erste Hilfe Kurs
1007735;Elternzeit
530527;Umfrage Belastungsstudie
846670;Noten IVKb
1008128;Sommerferien
1008130;Sommerferien
1008131;Sommerferien
1008132;Sommerferien
1008218;Orga Frühstück
1008524;Emails abarbeiten
1009069;Studie zur Arbeitsbelastung
1009090;1. Hilfe-Kurs
139847;Präsentation Italienisch Oberstufe
224667;Schülerin mit Email- und Moodle-Account geholfen
1009249;Abbau Frühstück
1009341;Abrechnungen prüfen und Unterlagen sichten, was im Fach lag
1009366;Betriebsausflug
1009541;Umfragen zur Arbeitssituation
84268;Pausenaufsicht
219833;Beratung Praktikantin
281201;Vorlesewettbewerb
548083;In Konzert
1009757;Gespräch Schulleitung SLB - Zielsetzung Funktionsstelle
1009800;Kollegiumsfoto
1009831;Präsenztage (Sicherheitsunterweisung, Datenschutz, Übergaben, ...)
1009833;Fachkonferenzen und
1009796;Planung der Studienfahrt im Herbst 2025
1010407;Kollegiumsausflug
46097;Email UFO interessierter STS- Schüler
1011722;Fototermin Kollegium
1011786;dienstversammlung
1012150;Kollegiumsfoto Homepage
1015817;Sabatjahr
1015818;Sabatjahr
1015819;Sabatjahr
1016682;Präsenztag
1028269;Diese Minute ist keine Arbeitszeit. In den Sommerferien ist bei mir keine Arbeitszeit angefallen. Im Schuljahr 2024/25 arbeite ich nicht in der Schule. Danke fürs Durchführen der Arbeitszeitstudie!
45855;Amokalarm (Verbarrikadierung im Arbeitszimmer)
724030;Papierkram Genehmigung
803738;Gartenarbeit
855604;Schulgarten
861669;Schulgarten
336550;Buchführung/Kommunikation Vertretung
348582;Arbeitszeitverwaltung
1046022;Sabbatjahr: eigentlich Präsenztage
1046023;Sabbatjahr: eigentlich Präsenztage
1046026;Sabbatjahr: eigentlich Präsenztage
1046028;Sabbatjahr: eigentlich Präsenztage
962877;Einrichtung der Aula Technik
963711;Aula Technik erneuern
968195;Aula Technik erneuern
971051;AULA Technik
971052;Aula technik
976788;Aula technik
976789;Aula technik
917934;Gast bei einer Abi-Prüfung
917937;Gast bei mündlichen Abi-Prüfungen
1003425;Für Musikunterricht: Gitarre üben, Liedbegleitung, Stimmübungen
1003410;Für Musikunterricht und Ensembleleitung: Stimmübungen, Gitarre üben, Lieder raussuchen und für Gitarre arrangieren
1007282;Gitarre üben, Lieder ausprobieren, Stimmbildung
1007283;Gitarre üben, Lied-Texte einstudieren, Stimmbildung
1007286;Gitarre üben, Lieder ausprobieren, Stimmbildung
1007292;Für Musikunterricht und Ensembleleitung: Stimmübungen, Gitarre üben, Lieder raussuchen und für Gitarre arrangieren
1007294;Für Musikunterricht und Ensembleleitung: Stimmübungen, Gitarre üben, Lieder raussuchen und für Gitarre arrangieren
1011208;Gitarre üben für Musikunterricht und Ensembleleitung
1002131;Malerarbeiten in der Schule
1002133;Malerarbeiten in der Schule
952496;GEW Fragebogen
997915;Überprüfung Termine Präsenztage
1006535;digital-Hygiene (iserv-Dateien, Gruppen, Texte löschen) Umfragen zur Konferenz (Fortbildungskonzept abstimmen, Termine eintragen für mich und im Ganztagsplan)
992976;Lesen Protokoll ALK
993030;Recherche zum Einsatzplan 24/25
993055;Terminplanung Zeugniskonferenzen
994132;Freiwillige Nachhilfedoppelstunde Chemie für SuS der 8. Klassen, weil die Arbeiten schlecht ausgefallen sind.
994163;Teilnahme an der Umfrage zur Nominierung von SuS für die Studienstiftung
994488;Lesen des Protokolls der Lehrerkonferenz
893954;erstellung Wochenplan
1007759;Urlaub
1007760;Urlaub
1007762;Urlaub
1007764;Urlaub
1007765;Urlaub
1007767;Urlaub
1007769;Urlaub
1007772;Urlaub
1007773;Urlaub
1007774;Urlaub
1007775;Urlaub
1007776;Urlaub
1007779;Urlaub
1007780;Urlaub
1007782;Urlaub
1007783;Urlaub
1007784;Urlaub
1007785;Urlaub
1007786;Urlaub
1007781;Urlaub, ich wusste nicht, wie ich Urlaub anders eintragen konnte.
957725;Krankmeldung
968072;Abschied Maren
972200;Kartons Packen für den Umzug zum anderen Standort
1001145;Antrag auf Sonderurlaub stellen
1002465;Vorbereitung Präsenztage
1003017;Angeboten Unterrichts- und Lehrmaterial sichten
1003018;FoBi Angebote sichten
1007507;Vorbereitung Präsenztage
1010942;Präsenztag
1010949;Präsenztag
976092;Sportfest Orga
1005242;Schulfotograf, Kollegiumsbilder
1016204;Schulfotograph
982892;Aufbauen Konferenz
908872;Einrichten des iPads einer Kollegin
945782;Praktikumsbesuch
1003900;Projektwoche
1003912;Projektwoche
1003924;Projektwoche
1003933;Projektwoche
938666;Abibuffet
938671;Abibuffet
938679;Abibuffet
1010700;Kollegen-Grillen
950972;Projektwoche
968627;Projektwoche
989748;Verabschiedungen
936702;Umfrage Arbeitsbelastung
899403;Elternabend
928636;Geschenktüten Schuljahresabschluss packen
968142;Vorbereitung Abschiedsfrühstück
968150;Abschied, anschließend aufräumen
982671;Übergabegespräche neue Schule
982675;Aufräumen
928228;Verabschiedung Kollegin
928230;Vorbereitung mndl Prüfung Abitur
998054;Notenberechnungen und Eintragungen Divis
998065;Notenberechnung und Eintragungen im System
998097;Kompetenzraster Englisch und insgesamt ausdrucken als Anlage  zum Zeugnis
998103;Erstellung/Berechnung Noten 12 und Eintragung
998106;Überprüfung Konsequenz Klassenkonferenz
998114;Korrekturen Arbeiten, Berechnung Noten mndl/schrftl.  Arbeit und Beruf, Eintragung
922401;Vorbereitung mdl. Abitur
922418;Schreiben von Beurteilungen
968421;Projektwoche
968429;Projektwoche
1005166;Kollegiumsabschiede
1002837;Verabschiedung KuK, Rede des Schulleiters
969933;Verabschiedung Abiturienten
937268;schulische Veranstaltung (Ausstellung)
995354;Untis
995364;Untis
995457;Pflanzen umgetragen
923773;"Arbeiten als Physikfachleitung; Absprachen mit dem Sekretariat und Kollegen; SuS-Gespräche; Organisatorisches"
923448;Erstellung eines Abschiedsgeschenks vom Kollegium für angehende Pensionäre
976476;Schulfest/Spendenlauf
977025;Praktikumsbesuche
1002690;Urlaub
1002691;Urlaub
1002694;Urlaub
1002696;Urlaub
1002698;Urlaub
1002699;Urlaub
1001617;Urlaub
1001618;Urlaub
1001620;Urlaub
1001622;Urlaub
1001623;Urlaub
1001614;Urlaub
1001624;Urlaub
1001625;Urlaub
1001626;Urlaub
1001627;Urlaub
1001628;Urlaub
1001629;Urlaub
1001630;Urlaub
1001631;Urlaub
1001632;Urlaub
1001633;Urlaub
1001634;Urlaub
1001647;Urlaub
1001649;Urlaub
1001650;Urlaub
1001651;Urlaub
1001652;Urlaub
900910;Praktikumsbesuch
900920;Betreuung Auffanggruppe ohne Praktikum
900922;Betreuung Auffanggruppe ohne Praktikum
971583;Praktikumsbesuche
971588;Praktikumsbesuche
915184;Vorbereitung mündliches Abitur
915191;Kopieren/Organisation der Prüfung und Durchführung mündliches Abitur
915196;Vorbereitung mündliches Abitur
981558;Abiturprüfungen
997245;Vorbereitung einer Fortbildung, die ich selbst erteile
997255;Vorbereitung einer Fortbildung, die ich selbst erteile (siehe 30.05.)
928344;Gespräch mit Sekretariat
983441;Verabschiedung der 5 Ausscheidungen Lehrkräfte
934869;Praktikumsbesuche in Jahrgang 10
934870;Praktikumsbesuche in Jahrgang 10
934872;Praktikumsbesuche in Jahrgang 10
934873;Praktikumsbesuche in Jahrgang 10
921765;Eltern-Mahnbriefe für verliehene Lektüren verfassen, drucken, adressieren, absenden
921766;Eltern-Mahnbriefe für verliehene Lektüren verfassen, drucken, adressieren, absenden
952508;Vorbereitung Umzug
952502;Umzug
952511;Umzug
993816;Proben Konzert
993995;Verabschiedung der KollegInnen
951113;Orchesterunterstützung
1000073;Verabschiedungen von Kollegen
1000120;Allgemeine Lektüre von päd. Literatur, Podcasts, ...
988617;Verabschiedung scheidender Kollegen
983126;Kollegiumsverabschiedung
935373;Unterstützung Buchrückgabe Lektüren Jg. 9
916097;eingehende Beschäftigung mit dem Fortbildungsportfolio 2022/2023 (heute erst von der Schulleitung zurückerhalten) (Überprüfung, Korrektur, detaillierte Rückmeldung an die Schulleitung)
993265;Wäsche abholen und waschen und aufhängen und zurückbringen.
996559;Urlaub
946103;Zeugniskommentare
991586;Schulkonzert
991603;Klassenfest
991604;Schulischer Poetry Slam / Hilfe beim Abbau
991614;Abiturentlassung
999959;Urlaubsbeginn
999962;Ferien
999964;Ferien
999965;Ferien
924493;Generalprobe 6k United alle 5. Klassen
924499;Noteneintragungen DiVis überprüfen/nachtragen
994045;Ausfüllen des Fragebogens zur Arbeitszeiterfassung
915300;Treffen für Abi-Graffiti
136304;Fahrt zum Gymnasium Ohmoor, Landesbildungsplankonferenz
411774;Befragung
264413;Vertretungsstatistik überprüfen
553487;Noteneintragung Jg. 9
710676;Noteneintragung Divis
302483;Verlorenes Portemonnaie Schüler
332356;Vorbereitung GEW Tag
475633;Zeitschriften für die Schule vorbereiten
475739;Zeitschriften in die Schule
486559;Zeitschriften in die Schule reinholen
487173;Für Schüler PL ausgedruckt
487213;Zeitschriften in die Schule
496150;Zeitschriften in die Schule
571169;Zeitschriften in die Schule
580999;Zeitschriften in die Schule
598798;Pflege GEW-Brett/Infomaterial
621312;Instagram Post Schule
657565;Orga Korrekturtag
681275;Hausmeister helfen
709883;Kollegentreffen und Gespräch
852700;Vorbereitung Zeugnis als Fachlehrer
865227;Zuarbeit Öffentlichkeitsarbeit HSG
869861;Zuarbeit Öffentlichkeitsarbeit
737251;Organisation KUR Unterrichtsbesuch am 11.6.24
388945;IT Einrichtung und Erarbeitung Kenntnisse OpenAI
270490;Anmeldung Fortbildungen
208791;Weg zwischen den Kampusen
639683;Mails, Recording für Chorkonzert
668642;Arbeitsweg (am unterrichtsfreien Tag)
676410;Anfahrt (zusätzlicher Schultermin)
681367;Heimweg (zusätzliche Schulveranstaltung)
692562;Üben und Absprache für Chorkonzert
718026;Arbeitsweg (an unterrichtsfreiem Tag)
718051;Arbeitsweg (an unterrichtsfreiem Tag)
509225;Umfrage Tro
509211;Bewerbung Golf
592405;Gesundheitsstudie
608625;Teilnahme an Lehrkräfte-Umfrage zur Schulinspektion
608755;Teilnahme an Lehrkräfte-Umfrage zur Schulinspektion
610745;verlorener Gegenstand Jonah
265911;E-Mails
298214;E-Mails
885896;Vorbereitung Abschied
651597;Eleni + USB-Stick
661082;Betreuung Amir
209195;Vorbereitung Elternpräsentation Vorstellung Latein als 2. FS
209200;Vorbereitung Elternpräsentation Latein als 2. FS
210384;Präsentation Musikprofil
222250;Schnupperunterricht Latein 5d
252360;Profilvorstellung Oberstufe
292626;Schnupperunterricht Latein
537751;Vorbesprechung Lateinreise mit Schüler:innen
627853;Betreuung Catering beim Musical
644199;Proben für das Chorprojekt
726771;Extraprobe Chor
860154;Nachtreffen der Lateinreise nach Rom
588717;None
684203;Räume + Fenster kontrolliert
486847;Klage wg dienstl Impfung
591978;Gewerkschaft
761574;Teilnahme Umfrage zu Cybermobbing
762470;Sitzung und Jahresversammlung BDK
879799;Feueralarm
767261;Copsoq Studie
767505;Feueralarm
776608;Vorbereitung Beurteilungshospitation
874355;Bereitschaft
793728;Sammlungspflege, nicht verWAZt
797209;Noteneingabe bei DIVIS
871495;Noteneingabe bei DIVIS
801388;Demo
823901;Divis
823896;Beurteilung Bb
832283;FoBi Portfolio
872457;Abgabe Schulgerät
849342;Tut neu Orga
853226;Noten
853851;Einkauf Schulfest
853827;Nachschreiber eingewiesen
859217;Neu 5 Orga
862400;Hausbesuch
894907;Zeugnisstexte schreiben, Noten eintragen
899488;Arbeitsplatzorganisation und Absprache d. Praktikumsbesuche
909155;Catering Abi
962914;Deinstallieren/Neuinstallieren der notebook-Software
964462;Vorbereitung Schulfest
991392;Unterrichtsplan SJ 24/25
993112;Noer
996639;Festplatte Arbeitsrechmer
145598;Newsletter Nehörde
253008;Beurteilung
95741;Bewerbung Mentorinprogramm
195961;Vorbereitung LEG
204591;Arbeitsorganisation(To Do‘s)
262256;Wochenplanung (To Do‘s)
844828;Organisation von Praktikumsbesuchen
529779;Gesundheitsumfrage
585255;Curriculum Mathe
400267;Raum fegen
468123;Klausuren zu Gaia bringen
486562;Suche nach Vertretung Pausenaufsicht M2
547189;Planung Workshop 1
548016;Workshops 2
549364;Fortbildung Ganztagskonferenz erstellen
575368;Ergebnisse zusammengefasst Workshops Digitalisierung
683081;Mail @Schulinspektion
847908;Praktikumsbesuch
277179;Teilzeitantrag
137868;Ausgleich für die Skireise
164558;Ausgleich letztes Schuljahr
164566;Ausgleich letztes Schuljahr
166117;Ausgleich letztes Schuljahr
232746;Ausgleich letztes Schuljahr
292957;Ausgleich letztes SJ
392899;Umfrage Digitalisierung
811029;Global Goals Festival
754422;Vorbereitung für WP8 Musikfest
768997;Abimappen beschriften
769002;Abimappen beschriften
803748;Infoportal
838656;Infoportal
657671;Ausfüllen des Wunschzettels für Unterrichtsverteilung und Stundenplan für nächstes Schuljahr
666477;Kümmern um verletzte Schülerin
313148;Jahrgangssprecher: Konferenzvorbereitung mit Rde
323237;Noten ausrechnen und eintragen
325899;Konzeption von Präsentationsleistungen, Aufgaben und Erwartungshorizont
420347;Organisation Einladung Ehemaligentreffen
480528;PL Vorbereitung
43211;Umziehen für den Sportunterricht
43767;Umziehen nach dem Sportunterricht
167353;Teilnahme an schulischer Veranstaltung Chor der Schüler
855048;Einkauf Baumarkt und Umtopfen von Schulpflanzen
252507;Fortbildungsangebote sichten
754423;Sonderprobe WP 8 Musikfest
754434;Probe WP8 Musikfest
754439;Vorbereitung WP8 Musikfest
859271;Kollegiumsgeschenke
391993;Belastungsstudie
140545;Kauf Blumentöpfe mit S4
418369;Kollegen bei einem technischen Problem helfen (Exceltabelle fixen)
70232;Arbeitsorganisation für die nächsten Tage
80834;Pflege von digitalen Kursbüchern
89210;Wochenendarbeit strukturieren
185398;Probe mit Schüler:innengruppe
89920;Vorbereitung der Geko
381040;Cheer-Curriculum
649205;Kollegen hatten nach Unterstützung gebeten, weil es einen größeren Konflikt mit vielen Schaulustigen gab
684247;Thorsten an Aufsicht erinnert
684248;Überarbeitung der Beurteilungskriterien-Übersicht (Excel)
688955;Schüler mit Wasserpistole am Schultor gesehen, angesprochen. Er wollte die Pistole nicht abgeben, kurze Diskussion. Mit Schüler zum Sekretariat gegangen, um Nummer der Eltern zu erfragen. Der Schüler meinte es ginge ihm so schlecht, dass er nach Hause müsse. Mutter angerufen und Klassenlehrerin informiert.
773976;Toilette und Klassenraum für SuS aufgeschlossen (Rucksack vergessen)
816513;Hospitation an einer anderen Stadtteilschule
818463;Schüler, der sich nicht an Regeln gehalten hat aufmerksam gemacht. Regeln klar gemacht. Bei Weigerung Wasserpistole abzugeben zur Schulleitung gebracht
818480;Erledigen der Klassendienste beaufsichtigen
838097;Text für Abschlussbuch auf Bitte von Schüler:innen verfasst
280037;OP Vincent
497256;Umfrage zur Englandfahrt
760232;Informationstreffen Schulentwicklung
179055;Gedanken und Ausarbeitung (Visualisierung) zur Änderung der Stundentafel (ggf. aus Sicht des Fachleiters, ggf. einfach aus Sicht einer Lehrkraft, daher unklar ob U, A oder F oder überhaupt Arbeitszeit bzw. Freizeitvergnügen - es lag kein dienstlicher Auftrag vor). Kommunikation an Schulleitung.
562133;Online-Fragebogen zur Gefährungsbeurteilung
95699;Schilf Nachbearbeitung
583392;Arbeitszeit kümmern
653096;Coaching
377237;Gutachten Ausland
408012;Stammdatenblatt prüfen und verstehen
684037;Feiertag
684038;Brückentag
788638;Auszählung Bezirkswahl
65507;Fegedienst
528520;Supervision
642274;Mediation
478557;Planung Dienstreise
155469;Hausbesuch Schüler:in
271010;Klavier gelernt für spontane Konzertbegleitung Wunderfinder
397652;Umfrage Arbeitszeiterfassung
522934;Vorbereitung auf GTK - ABs raussuchen und Sprachsensible Unterlagen sichten
657447;Aktenpflege Marta mit Silke
839816;Prüfungstag Vorsingen
839818;Prüfungstag Vorsingen
839861;Tag der Künste (Schulveranstaltung)
602401;Theater des Jahrgangs
468957;Einstand neue Kolleg_innen
418940;PL Elio
556338;Schülerinnen gesucht für Gespräch, Flurgespräche, Fach geleert
636428;Ins Fach geschaut, Jan gesucht
666805;Planung WAZ fürs neue Schuljahr
859606;Unterstützung Aufbau Kinoabend
335181;Kollegiumsfoto für Jahrbuch
822473;Recherche/Besuch Schulfest
527676;SFP
527681;Befragung zur Arbeitsbelastung
775969;Coopsoq Feedback
177517;E-Mail schreiben zur Orga eines Ausfluges als Fachlehrkraft
367972;Bewerbungsgespräch
177557;E-Mail Ausflug Bio 12 (Fachlehrkraft)
178289;Weiterbildung buchen
225546;Planung Exkursion mit der S4
392323;E-Mails lesen
428446;Teilnahme am Fragebogen zur Arbeitsbelastung
443224;Feueralarmprobe
461793;Wünsche für nächstes Schuljahr eintragen
613597;Teilnahme an Umfrage zur Vorbereitung einer Lehrerkonferenz
367974;Bewerbungsgespräch
378587;Abrechnung Einkäufe Arbeit und Beruf
222890;Bücher für die Schüler aus der Lernmittelabteilung geholt und vorbereitet.
244699;Arbeitsmaterial drucken
244728;Drucken
386472;Umfrage
427278;Aufsicht Nachschreiben Einzelschülerin (keine normale A Zeit)
832376;Beurteilung Bb
563988;Abiturrichtlinien für SuS aufbereiten
768229;Durchführung einer Präsentationsleistung mit einer Schülerin
219747;Aufräumen und Putzen nach Einbruch in der Schule
389930;Fragebogen Arbeitszeitstudie digitale Arbeit
277394;Beitrag für Konferenz vorbereiten
174368;versuchen WLAN wiederherzustellen...erfolglos
209922;Fortbildungen suchen und anmelden
279068;Emails
354461;diverse Emails
668008;Hochrad Dialog
509670;Üben und Absprachen Chorkonzert
518511;Üben für Chorkonzert
584732;Üben für Konzert, Probeaufnahme für Studioaufnahme
637434;Üben und Recording für Chorkonzert, Mail-Kommunikation
256459;Vertretungsmaterial/ Aufgaben auf LMS im Krankheitfall erstellt
515201;Fragebogenbearbeitung im Rahmen der Gefährdungsbeurteilung
515340;Einsatzplanung und Unterrichtsverteilungswünsche: Formulare der Schulleitung ausfüllen, speichern und zumailen.
708749;Nachforschung im Schulbüro zum Antrag auf Reisekostenerstattung für die Berlinfahrt 2024 und Absprache mit KLM
81637;Multi Studie
84684;Multi Studie
105403;Multi Studie
600383;Arbeit am Mathecurriculum
717485;Teilnahme KL 5-Treffen (Medien)
411812;Unterrichtsplanung 2024/2025
845182;Bücherabgabe
93191;Reisekostenabrechnung
745715;Beurteilungsgespräch A14 mit Eric
767684;Umfrage psychosoziale Situation
619107;Gefährdungsbeurteilung
778205;Konzept Ausbildungsbeauftragte
779337;Konzept Ausbildungsbeauftrage
794870;Noteneintragungen DIVIS
523197;Nachschreiberorga
653255;Nachschreibeorga
770234;Mails bzgl. zukünftiger Fachleitung Mathe
832453;Check Unterrichtsverteilung
742363;Vorbereitung Abitur mündlich
777709;mdl. Abitiur Vorbereitung
379331;Unterrichtswünsche/ Planung fürs neue Schuljahr
751695;Protokoll schreiben
258041;Elternabend
48771;Arbeit am Konzept für Beförderungsstelle
53908;Arbeit am Konzept für Beförderungsstelle
58719;Arbeit an Konzept für Beförderungsstelle
68959;Arbeit am Konzept für Beförderungsstelle
67142;Nachsorge Gesundheitstag
198320;Vorbereitung Beurteilung
281002;Portfolio Beurteilung
299552;Vorbereitung Beurteilung
302099;Beurteilung
373461;Arbeitszeitantrag
515417;Beurteilungsgespräch Vorbereitung
123603;Deputat
183451;Küche
237096;Küche, Teamtisch
352494;Gtk email
386464;Arbeitszeit und Arbeitsbelastung Umfrage
386828;Arbeitszeitbelastungsstudie
524908;Waz/ Eintragen Arbeitszeit nächstes SJ/ Berechnung...
558377;VB abgleichen/ Vertretungsübersicht klären
737451;Waz neues Schuljahr, Vertretungsstd. Abrechnung
88701;Vorbereitung Beurteilung
282256;Zuschauen beim Floorball-Turnier 6. Jg. und Gespräche mit Schüler:innen und Kolleg:innen
584641;Wünsche zur Unterrichtsverteilung aufschreiben
269820;Vorbereitung personalärztlicher Dienst
280973;Vorbereitung personalärztlicher Dienst
292991;Telefonat Personalsachbearbeiterin
299314;Telefonat personalärztlicher Dienst
302949;Vorbereitung personalärztlicher Dienst
314398;Fragebogen personalärztlicher Dienst
323121;Fragebogen personalärztlicher Dienst
115841;Fortbildungsverwaltung
49327;Aktualisierung Antrag 11-Stellen-Pool
197040;Flügel in 205 bewässern - Info von Katja
754678;gemischte Orga
56699;Spende für den Theaterfundus vom Auto in den Raum bringen
630012;Wahlhelferin zur Nachwahl eines PR-Mitglieds
171367;Auladienst
207183;Nacharbeit/ Auladienst
52678;Vertretungsplan prüfen
91450;Suche nach Handy einer Schülerin
122151;Krankheit Kommunikation
270662;Eduport Zugang neu probieren....
171438;Aufschließen
124076;digitale Hilfe Kolleg*innen
153014;Arbeitszeitkonto und Vertretungen überprüfen
877221;Schulfotograf
303473;Informationen über Lachgas einholen, lesen und Video
312751;Planung Fortbildung, Lesen des Angebots
421207;Planung Schulgarten
461384;VB Schulgarten
509105;Kopieren für Kollegen
7310;Vergeblich versucht bei Divis anzumelden. Versucht, Passwort zu ändern. Drei verschiedene Fehlermeldungen erhalten.
262407;Bücher ausleihen
549618;WAZ Einsatzplan neues Schuljahr
397145;Ferien
397147;Ferien
397149;Ferien
601872;Prüfung Konstantin (LiV)
75495;Empfehlungsschreiben
54079;Betreuung Amir
91494;Amir pendeln
683282;Pendeln Ewa und Amir
737042;Zeugnisse
268300;Vorbereitung teneriffa
268301;Vorbereitung teneriffa
416883;Teilnahme Befragung
762231;Ausräumen Französischschrank
390624;Mails lesen
717309;Gespräch mit Jan
107885;Präsentation Oberstufenprofile
358803;Extra zur Schule fahren um weitere Kostenübernahmen (weitere Unterschriften für Klassenfahrt) abzuholen
212427;Einsatzplanung Schuljahr 2024/2025
270100;Einsatzplanung Schuljahr 24/25
326105;To-do-Liste
398064;Ball ins Spielhaus bringen
779982;"Teilnahme an mündlicher Prüfung als Gast; vorgegeben durch Schulleitung"
794237;Sammlungspflege, nicht verWAZt
795589;Sammlungspflege, nicht verWAZt
478634;Kollegiumsausflug
460119;Umfrage Gefährdungsbeurteilung
354313;ESA mündlich Vorbereitung
362691;ESA Prüfungen
371491;MSA Prüfungen
627453;Leas Masterarbeit
746361;Zeugnisse
754510;Kultur
67278;Hausmeister suchen wegen nicht funktionierender Steckdosen
101824;Umfrage Steuergruppe: Schulleitungsfeedback
128528;SÜ 10 Mathe Anwesenheit und Protokoll scannen und mailen
190120;Awunschztettel Unterricht nächstes Jahr
230756;Gespräch Rh
334709;Konfliktemail
380666;Surfacefrage
408437;Fzndsachenplatz finden, Fundsachen ablegen
546354;Besprechung S2 Test, Zweitkorrekturverteilung
773704;Mailkontrolle
397977;Fahrtkostenabrechnung
400586;Schulsachen packen morgen
458418;Schul iPad aktualisieren
67894;Auslagenrechnung erstellen
262537;Nachprüfung einer sÜ aufgrund Plagiatsverdacht, Klärung mit KuK
42805;Raussuchen und Anmelden zu Fobis
174700;Fobi: Nachgelesen
172757;Einrichtung der Krankenkassenversicherung wegen der Verbeamtung -- Besuch in die Filiale der Krankenkasse
385092;Konfliktmenegement: Kommunikation mit Eltern
80958;Planung Klassenarbeiten
537908;Küchendienst
563002;Küchendienst
621115;Vorbereitung Abitur
872776;Aufräumen Schulfest
872782;Aufräumen Schulfest
104710;Ausbildung
643846;IQB Studie
585013;Findungsausschuss
775278;Feueralarm
154644;Gefährdungsumfrage
197981;Beurteilungsgespräch
593856;Fragebogen Schulinspektion
707279;KV Orga
789313;Fahrtzeit Fortbildungen unterrichtsfreier Tag
378660;Fundsachensuche im Bornbrook für SuS
530943;Versorgung einer verletzten KollegIn
642536;SpoHallenfenster platzt, Halle säubern und bewachen, bis SL und Sbau da
212406;Vorabitur
641256;Arbeitsunfall - Krankenkasse und Beihilfe Formulare ausfüllen und Rechnung
839726;Besprechung mit Zweitkorrekteur Bio
406800;Ostermontag
406802;Karfreitag
609222;Feiertag
303543;Pflege Onlineauftritt des Fachbereichs Kunst (ohne Funktionsstelle): Instagramauftritt
390414;Gutachten für eine ehemalige Schülerin schreiben, diesbezgüglicher Mailverkehr
753775;Zweitkorrektur sÜ Nachschreiber
794719;HDMI-Kabel und Adapter für die Schule aussuchen und bestellen (vom eigenen Geld)
539514;Vorbereitung Kamerun Austausch
570255;Verabschiedung fr Heindorf
570706;Zeitschriften in die Schule
501135;Eintritt in die Elternzeit am 05.04.2024, Dauer bis 05.06.2024
231054;Schnellumfragen zu Wahlen, Informationen aus Konferenz lesen
244265;Kaputten Tisch im Chemieraum sichern, wegräumen etc.
820430;Vorbereitung auf die allgemeine Lehrerkonferenz
1004929;Kurshefte Anlegen, etc.
84810;WAZ für Projekt
123057;E-Mail mit Schüler:innen
123758;Biss-Lesetraining Eingabe
126832;Betreuung einer Nachschreiberin
659857;Beurteilung
10267;TdoT
17598;Spieletag
105077;Beurteilungsbogen ausfüllen
113712;Nachgespräch Beurteilung
871512;Rechnungen einreichen, Sachen absprechen im Zuge meiner Krankschreibung
264921;Vorbereitung auf das Gespräch mit Sabrina anlässlich der anstehenden Regelbeurteilung
810640;Begleitung im Unterricht als DB
810646;Betreuung Kinder mit Pausenverbot
146960;Schnupperunterricht Latein
163711;Schnupperunterricht Latein
204134;Schnupperunterricht Latein
204142;Betreuung Generalprobe Musikabend
204146;Musikabend
205338;Schnupperunterricht Latein
255935;Lerngruppenbeschreibung & Entwurf Beurteilungshospi
267950;Entwurf Beurteilungshospitation (Lerngruppenbeschreibung, Verlaufsplan, ...)
280139;Entwurf Beurteilungshospi
338378;Beurteilungsportfolio erstellen
348725;Beurteilungsportfolio
591963;Abfrage Bunte Woche, Mails, Teamsnachrichten
16982;IT Probleme
26872;Vertretungsorganisation
563906;Hospitation MBS
321568;Überprüfung Vertretungsstundenauszug
323213;Überprfg. Arbeitszeit
55629;Klassendienst SuS 6
90713;E-Mails beantworten
90717;E-Mails
90720;E-Mails
146277;Vitrine Ges. 6
196919;LaptopWagem
237522;Vorbereitung für Konferenz
278540;Eishan Bewerbung
319216;Organisatorisches - Nachschreiber Klausur
639768;Marwin Examen
853243;Noten // Bewertungen
855455;Noten
855477;Noten
855488;Noten
650907;Gefährdungsbeurteilung
100710;Sichtung sÜ10
479704;Abgabe Protokoll Leko
479733;Umfrage Arbeitsbelastung
735337;Weg Hagenbeck -Schule
735341;Weg Schule Gr
863205;Theater S2
863221;Noten und Fehlzeiten S2
88521;Wege in der Schule
77955;Schlüsselzugang Keller und Musik orga
456615;mündliche Überprüfungen 10
456616;Prüfungen
529221;Frageboben ausfüllen
355010;Finanzierungsantrag Italienisch
574161;Arztrg einreichen
630952;Krankenkasse
527513;Teilnahme an Umfrage
367081;Organisation Nachschreiben
367091;Orga nachschreiben
187167;Gespräch mit AL: Terminvereinbarung zur Anlassbeurteilung
644952;Brückentag
91561;Teamraum aufräumen
105637;Milch fürs Team kaufen
477211;Lehrerumfragen
358405;Schulischer Theaterabend
691125;känguru
691247;känguru vorbereiten excel
630426;Verarztung verletzter Schüler, Krankenwagen
529051;Beurteilungs-Schreiben
557902;Übersicht Sammlung
681583;Feiertag
388688;Empfehlungsschreiben für eine Schülerin
716171;BSB
570171;Fortbildung
676164;Mentorentätigkeit
300659;Gemeinschaftliche Tätigkeit
312840;Teilzeitantrag stellen, Infos sammeln
388906;IT Einrichtung und Erarbeitung Kenntnisse OpenAI
388946;IT Einrichtung und Erarbeitung Kenntnisse OpenAI
611682;Orga: Kalendereinträge übertragen und abstimmen für U, F und A Zeiten.
248230;Kranke Schülerin betreuen
574298;Buffetbereitstellung
55436;Planung eigene Unterrichtsverteilung
288098;Planung eigene Unterrichtsverteilung Schujahr 24/25
300222;Aufsicht Nachschreiber (ohne A-Zeit, ohne WAZ)
553951;Feueralarm
211211;Gespräch mit SL wegen Beurteilung
407580;Noten berechnen
221802;aufräumen Schule nach Einbruch
384552;Kunstpioniere
548693;100-Jahrfeier
184678;Kollegiumsfoto
387688;Teilnahme an Umfrage
540804;Tätigkeit als Schöffe am Amtsgericht Mitte
585783;Schöffentätigkeit
623466;Einsatz als Schöffe
734224;Auswahl Lektüre für Lesekiste (Original Kinderbücher) Englisch JG 5-7 Vorschläge an die Fachschaft mit Bestellnummern und Preisen
407321;Check Kontoauszug 2. HJ
726256;Versuchte Teilnahme an der Umfrage der Steuergruppe zur Evaluation der PLs in Kl. 9 und 10 - Fragen unklar - Bitte um Klärung (Mail an Steuergruppe)
861326;Teilnahme an der Evaluationsumfrage zu PLs in 9 und 10
104102;Aussprache Team
529;Feuerarlarm
7421;Unterstützung beim Eintragen der Stammdaten
164343;Fototermin KuK
332129;Vorbereitung Beurteilungsgespräch
734284;Schreiben eines Unterrichtsvorhabens im Rahmen der neuen Bildungspläne
123955;Medizinischer Notfall
309870;päd Pausengespräche
204326;Vorbereitung der Parisreise
374811;Planung SJ 24/25
844106;Schulbuchverlag Rabatte
7024;Betreuung einer möglichen Kollegin vor einer Hospi.
56673;Umfrage 1 Halbjahr ausfüllen
73463;Umfrage 1 Halbjahr
95540;Evaluation 1 HJ
103493;Antrag auf Sonderurlaub, Ausplanen Unterricht, Untis Bogen
106576;Prüfen Untis für SL
127100;Iserv Fehleintrag
133184;Klausur bei IServ umtragen
185798;Taschenkontrolle Beistand
214128;Offenes Fenster LZ
224309;Materialkauf
256705;Hamburg räumt auf
256966;Hamburg räumt auf
257515;Hamburg räumt auf
265178;Hamburg räumt auf
266610;Hamburg räumt auf
266618;Hamburg räumt auf
280475;Wegräumen nach Auswahlgesprächen
280682;Orga Hamburg räumt auf
286990;Hamburg räumt auf
290193;Hamburg räumt auf
303641;Planung nächstes SJ
308035;Geschirrspüler
308036;Geschirrspüler
312037;Planung nächstes Schuljahr
313697;Zweitprüferin Vorbereitung
337162;Unterrichtsplanung 24/25
347337;Fehlzeiten Divis
347994;Orga Nachschreiben
357272;Divis Fehlzeiten
378049;Einladung zu FoBi lesen/ FoBi-Angebote checken
383184;FoBi Infos
390513;Terminplanung
397062;Stundeplanung mit SL
398389;Todesfall und Termine mit SL klären
491765;FoBi Lektüre
498619;IPadkoffer
500406;Fehlzeiten eintragen DiVis
509183;Trennwände
529924;Digitales Dienstbuch
530597;Bücher suchen
530770;Stundenplan nächstes Jahr
576461;Divis
591806;GEW Gewerkschaftstag
606581;Päd. JT Konzept lesen
606716;Ausfüllen Leistungswarnung
606744;SL Fenster im Raum offen
614554;Orga Mail Dienstbuch
614641;Terminplan Webuntis (Tut)
618506;Vokabeltest ausgeben
622546;Fördermaterial Elsa
622928;Päd. GT Wahl
623157;Digitales Dienstbuch
650248;Aufsicht NTA
668090;NTA
701950;Geburtstagskuchen aufräumen
702195;Schreiben der Behörde
702260;Vorbereitung Päd. JT
715347;Vorbereitung päd JT
719081;Päd JT
744505;Fehlzeiten
745214;Dienstbuch
754093;Checkliste Absentismus
776514;DiVis
257464;Lebenslauf
268212;Lebenslauf
88692;Vertretungsdtundenzettel lesen
89805;Recherche umap Karten
417070;Umfrage
429470;Noten eintragen
491687;AA für Vertretung
573508;Orga nach Krankheit
631951;Mit KI beschäftigt
26750;Zukunfts-Planung
30329;Zukunftsplanung
85523;Stipendiumsformblatt für Schülerin ausfüllen
279794;Notfall mit S
786720;Helfen bei Schülerprojekt
643839;IT-Probleme bei der e-Korrektur
811429;Behebung von IT Cloud Fehlern
851875;Stundenplanorganisation und WAZ Abrechnung
769935;Schulveranstaltung Jahrgang 10
313265;Kooperationstreffen Schule Handwerk
345313;BO- Siegelakademie/ Tagung
854168;Ausgleichsstunden
476954;Schulleitungsmail
572069;Tis Nummer etc
601973;Organisation Krankmeldung
400929;Notenfindung und -eintragung S4
433798;Lehrmaterialvergleich
491447;Material (iPads und Stative) für 9.-10. Std organisieren
525003;Materialsuche Verlag
528109;Zwischenstandsnoten festlegen und teilweise mitteilen
795279;Vorbereitung Abschlussfeier
496335;Vorbereitung Beurteilung (Fragebogen etc.)
505738;Fragebogen Beurteilung
573725;Organisation Fortbildungen
760935;Orga Weiterbildung
774090;Vorbereitung Fortbildungen
998047;Abiturentlassung
802840;hospitation
762455;Schulveranstaltung am Abend
293609;Interview Schulinspektion
364194;Schulinspektion
425271;Aufräumen Küche
838703;schulfremde Personen
214234;Planung Redeinhalt in Konferenz
214361;Eintragen in FoBi-Liste
214556;Untis gucken
270347;Untis
270448;Untis
270568;Untis
270602;Untis
385863;Untis
431041;Untis
431944;Känguru Liste FLehrer
796143;Abarbeiten der Ablage
174838;Vorbereitung KERMIT
185962;Vorbereitung KERMIT 8c
334400;Gespräch mit Judith
374056;Verschiedenes
661099;Verschiedene Gespräche etc.
1010272;Aufräumarbeiten bezüglich Ausstattung + Upgrade der iPads
777414;Hospitation bei Melina
641664;Broschüren und Handreichungen sowie Notizen und Unterlagen aus Ablagen (alte Fortbildungen, Infos, Lehrerfortbildungsmaterialien, Lehrerzeitschriften) lesen.
915666;Abiaufsicht Absprachen
242961;Planungsbogen
745343;Planungswoche neue Bildungspläne
745346;Planungswoche neue Bildungspläne
767068;Planungswoche neue Bildungspläne
767077;Planungswoche
767083;Planungswoche neue Bildungspläne
767088;Planungswoche neue Bildungspläne
775043;BP
775049;BP
778891;Ctouch einlesen
302694;pipipause für kollegen
410470;AG
823233;Vorbereitung Austausch
865042;räumen
742137;Prüfungsvorbereitung, Dokumentation
837790;Pädagogischer Jahrestag
234677;Uwe Seeler Cup
69259;Protokoll der allgemeinen Konferenz anfertigen
164642;Erstellung von Vertretungsaufgaben wegen Krankheit
182820;Organisation der Vertretungsaufgaben für Kolleginnen auf verschiedene Kanälen
665896;Anlage - Schulbeet
733201;mdl. Abiturvorbereitung
733205;Abiturvorbereitung
733209;Abiturvorbereitung
735077;Konzeption Aufgaben mdl. Abitur
735184;Konzeption Abiaufgaben (mündl.)
777753;mdl. Abi Vorbereitung
779875;mündl. Abitur Recherche/Aufgaben/EWH
779878;mündliches Abitur:Recherche/Aufgaben/EWH
802474;mdl. Abitur Organisation/Formulare
827932;mündliches Abitur Aufgaben/EWH entwickeln
827935;mündlich. Abitur Aufgaben entwickeln/EWH
827947;Begrüßungsnachmittag der zukünftigen 5. Klassen als zukünftige Klassenlehrer nächstes Schuljahr
854828;Konzeption EWH mündl. Abitur
864800;Konzeption EWH für mündliches Abitur
864803;Konzeption EWH mündliches Abitur
864805;Konzeption EWH mündliches Abitur
869736;Organisation/Zusammenstellung EWH mündliches Abitur
602241;Curriculum
602256;Curriculum
610702;Curriculum Mathe
611502;Curriculum Mathe
621344;Curriculum Mathe
649823;Curriculum Mathe
652184;Evaluation Abitur
689981;Orchesternoten
689984;Stücksuche Orchester
332119;Artikel für das Jahrbuch
718635;Vorbereitungstreffen der neuen 5. Klassen
803884;Vorbereitungen für das Fest der Kulturen
384446;Planung nächstes Schuljahr
380985;Mehrarbeit aus dem 1. Halbjahr abbauen
380986;Mehrarbeit aus dem 1. Halbjahr abbauen
380987;Mehrarbeit aus dem 1. Halbjahr abbauen
753528;Reflexion mit Kolleginnen
737043;Betreuung Amir
677619;Divis Noteneintragung
162533;Fototermin
768277;Betreutung einer hyperventilierenden Schülerin und Koordination mit Rettungssanitätern
871064;Ausfüllen Wünsche Stundenplangestaltung
117923;Wdh. Stolperwörtertest u. Schnabel-Test bei ausgewählten SuS des 5. Jahrgangs außerhalb der regulären Unterrichtszeit
148047;Ausfüllen von Ankreuzbögen im Zusammenhang mit den Lernentwicklungsgesprächen am 22.2.
231987;Vorbereitung für eine Jahrgangsversammlung im Auditorium
312060;Testung von 4 SuS der Unterstufe im Hinblick auf ihre Sprachförderung (Anfertigen einer freien Schreibprobe)
347667;Noteneingabe bei DIVIS
402280;Noten-Eingabe bei DIVIS
408265;Gespräch mit Fachkollegin zur Konzeption eines Projekts für die Projektwoche am Ende des Schuljahres
460167;Aufsicht Klassenarbeit für Nachschreiber
467532;Versuchte Klärung in einem akuten Disziplinarfall
491092;Lösungsfindung im Zusammenhang mit einem Disziplinarfall
491101;Lösungsfindung im Zusammenhang mit einem Disziplinarfall
501042;Noteneingabe bei DIVIS
516841;Noteneingabe bei DIVIS
517799;Noteneingabe bei DIVIS
525157;Gespräch mit dem Personalrat nach zurückliegender Erkrankung
525166;Bearbeitung eines Kurantrags eines Schülers als Fachlehrkraft
530267;Kontrollbesuch in der Schule nach Mitteilung der SL, dass am Wochenende erneut in der Schule (im Lehrerzimmer) eingebrochen wurde und derzeit unklar ist, was alles entwendet wurde
608881;Noteneingabe bei DIVIS
629744;Gespräch mit Schülergruppe zum Einsatz eines Quartetts bei laufendem Theaterprojekt
640188;Noten-Eingabe bei DIVIS
682585;Spontane Vertretung einer Kollegin bei der Aufsicht für eine Abschlussprüfung
716539;Schüler schreiben noch Abschlusstest im Lernatelier (regulärer Unterrichtsschluss um 10.50 Uhr)
768061;Mündliche Prüfung eines Siebtklässlers, der die Klassenarbeit versäumt hat.
863575;Noteneingabe bei DIVIS
630014;Wahlhelferin zur Nachwahl eines PR-Mitglieds
710558;Bewerbung auf Funktionsstelle
727000;Bewerbung auf Funktionsstelle
823948;Vorbereitung Bewerbungsgespräch Funktionsstelle der Sprachlernberaterin
831278;Bewerbungsgespräch Sprachlernberaterin
831281;Auswertung Bewerbungsgespräch Sprachlernberaterin
853739;Übergabe Sprachlernberatung
864180;Lehrerchor
871974;Lehrerchor
794727;Vertretungslehrer auflauern, um Tausch zu organisieren
821718;Umfrage zur volldigitalisierten Schule
151674;Arbeit am Konzept für Beförderungsstelle
152030;Arbeit am Konzept für Beförderungsstelle
153878;Arbeit am Konzept für Beförderungsstelle
166955;Arbeit am Konzept für Beförderungsstelle
389550;Ferien/Urlaub
389551;Ferien/Urlaub
389552;Ferien/Urlaub
389553;Ferien/Urlaub
389554;Ferien/Urlaub
549457;Vorbereitung für Aktion zur Stärkung des kollegialen Miteinanders
674908;Vorbereitung Kollegiumsfeier
701208;Casting Oberstufenchor
839889;Nachprüfung Chor
91448;Anmeldungen für die Schilf vornehmen
111535;Digitale Kursbücher pflegen
308010;Vorsitzen
397249;Umfrage Arbeitszeitstudie
439301;Beurteilungsgespräch
618675;Hospitation Fachkollegen
638403;Wochenendmail lesen
691166;rumsitzen bereitschaft
100903;Mails
123788;LZ Orga
657837;Himmelfahrt
793799;Pfingstmontag